time_ms,vib_rms,vib_mean,vib_std,current_rms,current_mean,current_std,rpm,temp_C,status 
4664,9.17,9.17,0.07,0.04,0.02,0.04,0.00,30.87,STOPPED 
5664,9.17,9.17,0.06,0.04,0.02,0.04,0.00,30.87,STOPPED 
6664,9.17,9.17,0.06,0.04,0.02,0.03,0.00,30.87,STOPPED 
7664,9.17,9.17,0.06,0.04,0.02,0.04,0.00,30.94,STOPPED 
8664,9.17,9.17,0.07,0.04,0.02,0.04,0.00,30.87,STOPPED 
9664,9.16,9.16,0.06,0.04,0.02,0.04,0.00,30.87,STOPPED 
10664,9.19,9.19,0.05,0.04,0.02,0.03,0.00,30.87,STOPPED 
11664,9.16,9.16,0.06,0.04,0.02,0.04,0.00,30.94,STOPPED 
12664,9.15,9.15,0.05,0.04,0.02,0.03,0.00,30.94,STOPPED 
13664,9.16,9.16,0.04,0.04,0.02,0.03,0.00,30.94,STOPPED 
14664,9.18,9.18,0.06,0.04,0.02,0.03,0.00,30.94,STOPPED 
15664,9.17,9.17,0.06,0.04,0.02,0.03,0.00,30.94,STOPPED 
16664,9.17,9.17,0.04,0.04,0.02,0.03,0.00,30.94,STOPPED 
17664,9.17,9.17,0.04,0.04,0.02,0.04,0.00,30.94,STOPPED 
18664,9.16,9.16,0.06,0.04,0.02,0.03,0.00,30.94,STOPPED 
19664,9.18,9.18,0.04,0.04,0.02,0.03,0.00,30.94,STOPPED 
20664,9.18,9.18,0.05,0.04,0.02,0.03,0.00,30.94,STOPPED 
21664,9.18,9.18,0.06,0.04,0.02,0.03,0.00,30.94,STOPPED 
22664,9.16,9.16,0.06,0.04,0.02,0.03,0.00,30.94,STOPPED 
23664,9.19,9.19,0.06,0.04,0.02,0.03,0.00,30.94,STOPPED 
24664,9.20,9.20,0.05,0.04,0.02,0.03,0.00,30.94,STOPPED 
25664,9.17,9.17,0.05,0.04,0.02,0.04,0.00,30.94,STOPPED 
26664,9.18,9.18,0.05,0.04,0.02,0.04,0.00,30.94,STOPPED 
27664,9.14,9.14,0.05,0.05,0.02,0.04,0.00,30.94,STOPPED 
28664,9.16,9.16,0.07,0.05,0.03,0.04,0.00,30.94,STOPPED 
29664,9.18,9.18,0.07,0.05,0.03,0.04,0.00,30.94,STOPPED 
30664,9.15,9.15,0.07,0.04,0.02,0.04,0.00,30.94,STOPPED 
31664,9.17,9.17,0.06,0.05,0.03,0.04,0.00,30.94,STOPPED 
32664,9.16,9.16,0.06,0.05,0.03,0.04,0.00,30.94,STOPPED 
33664,9.16,9.16,0.06,0.05,0.02,0.04,0.00,30.94,STOPPED 
34664,9.15,9.15,0.05,0.05,0.02,0.04,0.00,30.94,STOPPED 
35664,9.16,9.16,0.05,0.04,0.02,0.04,0.00,30.87,STOPPED 
36664,9.15,9.15,0.06,0.05,0.03,0.04,0.00,30.94,STOPPED 
37664,9.14,9.14,0.06,0.04,0.02,0.04,0.00,30.94,STOPPED 
38664,9.17,9.17,0.06,0.05,0.03,0.04,0.00,30.94,STOPPED 
39664,9.17,9.17,0.06,0.05,0.03,0.04,0.00,30.94,STOPPED 
40664,9.17,9.17,0.06,0.05,0.02,0.04,0.00,30.94,STOPPED 
41664,9.15,9.15,0.06,0.05,0.02,0.04,0.00,30.87,STOPPED 
42664,9.16,9.16,0.07,0.05,0.02,0.04,0.00,30.94,STOPPED 
43664,9.17,9.17,0.05,0.05,0.03,0.04,0.00,30.87,STOPPED 
44664,9.15,9.15,0.06,0.05,0.03,0.04,0.00,30.94,STOPPED 
45664,9.19,9.19,0.05,0.05,0.03,0.04,0.00,30.94,STOPPED 
16664,9.17,9.17,0.04,0.04,0.02,0.03,0.00,30.94,STOPPED 
17664,9.17,9.17,0.04,0.04,0.02,0.04,0.00,30.94,STOPPED 
18664,9.16,9.16,0.06,0.04,0.02,0.03,0.00,30.94,STOPPED 
19664,9.18,9.18,0.04,0.04,0.02,0.03,0.00,30.94,STOPPED 
20664,9.18,9.18,0.05,0.04,0.02,0.03,0.00,30.94,STOPPED 
21664,9.18,9.18,0.06,0.04,0.02,0.03,0.00,30.94,STOPPED 
22664,9.16,9.16,0.06,0.04,0.02,0.03,0.00,30.94,STOPPED 
23664,9.19,9.19,0.06,0.04,0.02,0.03,0.00,30.94,STOPPED 
24664,9.20,9.20,0.05,0.04,0.02,0.03,0.00,30.94,STOPPED 
25664,9.17,9.17,0.05,0.04,0.02,0.04,0.00,30.94,STOPPED 
26664,9.18,9.18,0.05,0.04,0.02,0.04,0.00,30.94,STOPPED 
27664,9.14,9.14,0.05,0.05,0.02,0.04,0.00,30.94,STOPPED 
28664,9.16,9.16,0.07,0.05,0.03,0.04,0.00,30.94,STOPPED 
29664,9.18,9.18,0.07,0.05,0.03,0.04,0.00,30.94,STOPPED 
30664,9.15,9.15,0.07,0.04,0.02,0.04,0.00,30.94,STOPPED 
31664,9.17,9.17,0.06,0.05,0.03,0.04,0.00,30.94,STOPPED 
32664,9.16,9.16,0.06,0.05,0.03,0.04,0.00,30.94,STOPPED 
33664,9.16,9.16,0.06,0.05,0.02,0.04,0.00,30.94,STOPPED 
34664,9.15,9.15,0.05,0.05,0.02,0.04,0.00,30.94,STOPPED 
35664,9.16,9.16,0.05,0.04,0.02,0.04,0.00,30.87,STOPPED 
36664,9.15,9.15,0.06,0.05,0.03,0.04,0.00,30.94,STOPPED 
37664,9.14,9.14,0.06,0.04,0.02,0.04,0.00,30.94,STOPPED 
38664,9.17,9.17,0.06,0.05,0.03,0.04,0.00,30.94,STOPPED 
39664,9.17,9.17,0.06,0.05,0.03,0.04,0.00,30.94,STOPPED 
40664,9.17,9.17,0.06,0.05,0.02,0.04,0.00,30.94,STOPPED 
41664,9.15,9.15,0.06,0.05,0.02,0.04,0.00,30.87,STOPPED 
42664,9.16,9.16,0.07,0.05,0.02,0.04,0.00,30.94,STOPPED 
43664,9.17,9.17,0.05,0.05,0.03,0.04,0.00,30.87,STOPPED 
44664,9.15,9.15,0.06,0.05,0.03,0.04,0.00,30.94,STOPPED 
45664,9.19,9.19,0.05,0.05,0.03,0.04,0.00,30.94,STOPPED 
75664,9.19,9.19,0.06,0.05,0.03,0.04,0.00,30.94,STOPPED 
76664,9.16,9.16,0.05,0.06,0.03,0.04,0.00,30.87,STOPPED 
77664,9.16,9.16,0.07,0.05,0.03,0.04,0.00,30.94,STOPPED 
78664,9.17,9.17,0.07,0.05,0.03,0.04,0.00,30.94,STOPPED 
79664,9.17,9.17,0.06,0.05,0.02,0.04,0.00,30.94,STOPPED 
80664,9.18,9.18,0.05,0.05,0.02,0.04,0.00,30.94,STOPPED 
81664,9.18,9.18,0.06,0.04,0.02,0.04,0.00,30.94,STOPPED 
82664,9.16,9.16,0.06,0.04,0.02,0.03,0.00,30.94,STOPPED 
83664,9.16,9.16,0.07,0.04,0.02,0.04,0.00,30.94,STOPPED 
84664,9.18,9.18,0.05,0.04,0.02,0.04,0.00,30.94,STOPPED 
85664,9.18,9.18,0.06,0.04,0.02,0.04,0.00,30.87,STOPPED 
86664,9.16,9.16,0.08,0.04,0.02,0.04,0.00,30.87,STOPPED 
87664,9.17,9.17,0.05,0.04,0.02,0.03,0.00,30.94,STOPPED 
88664,9.17,9.17,0.06,0.05,0.02,0.04,0.00,30.94,STOPPED 
89664,9.15,9.15,0.07,0.04,0.02,0.04,0.00,30.87,STOPPED 
90664,9.17,9.17,0.05,0.05,0.02,0.04,0.00,30.94,STOPPED 
91664,9.19,9.19,0.06,0.05,0.02,0.04,0.00,30.94,STOPPED 
92664,9.13,9.13,0.07,0.04,0.02,0.04,0.00,30.94,STOPPED 
93664,9.16,9.16,0.08,0.04,0.02,0.04,0.00,30.94,STOPPED 
94664,9.14,9.14,0.06,0.05,0.03,0.04,0.00,30.94,STOPPED 
95664,9.16,9.16,0.07,0.05,0.03,0.04,0.00,30.87,STOPPED 
96664,9.17,9.17,0.05,0.05,0.03,0.04,0.00,30.94,STOPPED 
97664,9.17,9.17,0.06,0.05,0.02,0.04,0.00,30.94,STOPPED 
98664,9.16,9.16,0.05,0.04,0.02,0.04,0.00,30.94,STOPPED 
99664,9.15,9.15,0.04,0.04,0.02,0.03,0.00,30.94,STOPPED 
100664,9.15,9.15,0.06,0.04,0.02,0.03,0.00,30.94,STOPPED 
101664,9.17,9.17,0.06,0.04,0.02,0.04,0.00,30.94,STOPPED 
102664,9.18,9.18,0.06,0.04,0.02,0.04,0.00,30.94,STOPPED 
103664,9.15,9.15,0.05,0.04,0.02,0.04,0.00,30.94,STOPPED 
104664,9.14,9.14,0.06,0.04,0.02,0.03,0.00,30.87,STOPPED 
105664,9.16,9.16,0.05,0.04,0.02,0.03,0.00,30.94,STOPPED 
106664,9.17,9.17,0.05,0.04,0.02,0.03,0.00,30.94,STOPPED 
107664,9.15,9.15,0.06,0.04,0.02,0.03,0.00,30.94,STOPPED 
108664,9.15,9.15,0.06,0.05,0.02,0.04,0.00,30.94,STOPPED 
109664,9.15,9.15,0.06,0.04,0.02,0.04,0.00,30.87,STOPPED 
110664,9.15,9.15,0.06,0.05,0.02,0.04,0.00,30.87,STOPPED 
111664,9.16,9.16,0.05,0.04,0.02,0.04,0.00,30.94,STOPPED 
112664,9.16,9.16,0.06,0.04,0.02,0.04,0.00,30.87,STOPPED 
113664,9.18,9.18,0.06,0.04,0.02,0.04,0.00,30.94,STOPPED 
114664,9.15,9.15,0.05,0.04,0.02,0.04,0.00,30.87,STOPPED 
115664,9.15,9.15,0.08,0.04,0.02,0.03,0.00,30.87,STOPPED 
116664,9.12,9.12,0.06,0.04,0.02,0.03,0.00,30.94,STOPPED 
117664,9.15,9.15,0.06,0.04,0.02,0.03,0.00,30.87,STOPPED 
118664,9.16,9.16,0.04,0.04,0.02,0.04,0.00,30.87,STOPPED 
119664,9.16,9.16,0.06,0.04,0.02,0.04,0.00,30.87,STOPPED 
120664,9.17,9.17,0.04,0.04,0.02,0.04,0.00,30.94,STOPPED 
121664,9.17,9.16,0.05,0.04,0.02,0.04,0.00,30.94,STOPPED 
122664,9.17,9.17,0.07,0.04,0.02,0.03,0.00,30.87,STOPPED 
123664,9.16,9.16,0.07,0.04,0.02,0.04,0.00,30.87,STOPPED 
124664,9.16,9.16,0.07,0.05,0.02,0.04,0.00,30.94,STOPPED 
125664,9.15,9.15,0.06,0.05,0.02,0.04,0.00,30.94,STOPPED 
126664,9.14,9.14,0.07,0.04,0.02,0.04,0.00,30.94,STOPPED 
127664,9.18,9.17,0.06,0.04,0.02,0.03,0.00,30.94,STOPPED 
128664,9.17,9.17,0.06,0.04,0.02,0.04,0.00,30.94,STOPPED 
129664,9.17,9.17,0.05,0.04,0.02,0.03,0.00,30.87,STOPPED 
130664,9.17,9.17,0.06,0.04,0.02,0.03,0.00,30.94,STOPPED 
131664,9.16,9.16,0.06,0.04,0.02,0.03,0.00,30.94,STOPPED 
132664,9.16,9.16,0.07,0.04,0.02,0.04,0.00,30.87,STOPPED 
198664,9.18,9.18,0.07,0.05,0.03,0.04,0.00,30.94,STOPPED 
199664,9.15,9.15,0.08,0.05,0.03,0.04,0.00,30.94,STOPPED 
200664,9.16,9.16,0.06,0.05,0.03,0.04,0.00,30.94,STOPPED 
201664,9.16,9.16,0.06,0.04,0.02,0.04,0.00,30.94,STOPPED 
202664,9.18,9.18,0.05,0.05,0.03,0.04,0.00,30.94,STOPPED 
203664,9.17,9.17,0.07,0.04,0.02,0.03,0.00,30.87,STOPPED 
204664,9.16,9.16,0.04,0.04,0.02,0.03,0.00,30.94,STOPPED 
205664,9.17,9.17,0.07,0.04,0.02,0.03,0.00,30.94,STOPPED 
206664,9.19,9.19,0.06,0.04,0.02,0.03,0.00,30.94,STOPPED 
207664,9.24,9.24,0.10,0.22,0.19,0.11,0.00,30.94,STOPPED 
208664,8.95,8.95,0.13,0.22,0.19,0.11,72.00,30.94,STOPPED 
209664,9.06,9.06,0.14,0.22,0.19,0.11,140.40,30.94,NORMAL 
210664,9.42,9.42,0.15,0.22,0.19,0.10,224.28,30.94,NORMAL 
211664,9.37,9.36,0.19,0.21,0.19,0.10,319.00,30.94,NORMAL 
212664,9.00,9.00,0.19,0.22,0.19,0.10,421.30,30.94,NORMAL 
213664,8.95,8.95,0.13,0.22,0.19,0.10,510.91,30.94,NORMAL 
214664,9.28,9.28,0.21,0.21,0.19,0.10,609.64,30.94,NORMAL 
215664,9.52,9.52,0.12,0.21,0.19,0.10,678.74,30.87,NORMAL 
216664,9.20,9.19,0.28,0.21,0.19,0.10,763.12,30.94,NORMAL 
217664,8.88,8.88,0.12,0.21,0.19,0.10,804.18,30.94,NORMAL 
218664,8.96,8.96,0.16,0.22,0.19,0.10,850.93,30.94,NORMAL 
219664,9.41,9.41,0.22,0.21,0.19,0.10,883.65,30.94,NORMAL 
220664,9.55,9.55,0.19,0.22,0.19,0.10,906.56,30.94,NORMAL 
221664,9.11,9.11,0.28,0.22,0.19,0.10,940.59,30.94,NORMAL 
222664,8.84,8.84,0.11,0.22,0.20,0.10,946.41,30.94,NORMAL 
223664,9.00,8.99,0.22,0.22,0.19,0.10,950.49,30.94,NORMAL 
224664,9.42,9.41,0.24,0.22,0.20,0.10,953.34,30.94,NORMAL 
225664,9.56,9.56,0.16,0.22,0.19,0.10,955.34,30.94,NORMAL 
226664,9.17,9.17,0.30,0.22,0.20,0.10,956.74,30.94,NORMAL 
227664,8.82,8.82,0.10,0.22,0.19,0.10,957.72,30.94,NORMAL 
228664,8.98,8.98,0.20,0.22,0.19,0.10,958.40,30.94,NORMAL 
229664,9.38,9.38,0.21,0.22,0.19,0.10,958.88,31.00,NORMAL 
230664,9.52,9.52,0.14,0.21,0.19,0.10,959.22,30.94,NORMAL 
231664,9.15,9.14,0.27,0.21,0.19,0.10,959.45,31.00,NORMAL 
232664,8.86,8.86,0.13,0.21,0.19,0.10,959.62,31.00,NORMAL 
233664,9.02,9.02,0.19,0.21,0.18,0.10,959.73,31.00,NORMAL 
234664,9.43,9.43,0.22,0.21,0.18,0.11,941.81,31.00,NORMAL 
235664,9.50,9.50,0.15,0.20,0.17,0.11,947.27,31.00,NORMAL 
236664,9.18,9.18,0.25,0.20,0.17,0.11,933.09,31.00,NORMAL 
237664,8.87,8.87,0.15,0.20,0.17,0.11,941.16,31.00,NORMAL 
238664,8.96,8.95,0.18,0.20,0.17,0.11,946.81,31.00,NORMAL 
239664,9.34,9.33,0.22,0.20,0.17,0.10,932.77,31.00,NORMAL 
240664,9.55,9.55,0.16,0.21,0.18,0.10,940.94,31.06,NORMAL 
241664,9.20,9.19,0.26,0.21,0.18,0.10,946.66,31.06,NORMAL 
242664,8.89,8.89,0.15,0.21,0.19,0.10,950.66,31.06,NORMAL 
243664,8.90,8.90,0.18,0.21,0.19,0.10,953.46,31.06,NORMAL 
244664,9.20,9.20,0.22,0.21,0.19,0.10,937.42,31.06,NORMAL 
245664,9.54,9.54,0.14,0.22,0.19,0.10,944.20,31.12,NORMAL 
246664,9.45,9.45,0.19,0.22,0.19,0.10,948.94,31.12,NORMAL 
247664,9.11,9.11,0.23,0.22,0.19,0.10,952.26,31.12,NORMAL 
248664,8.87,8.87,0.11,0.22,0.20,0.10,936.58,31.12,NORMAL 
249664,8.91,8.91,0.14,0.22,0.19,0.10,943.61,31.12,NORMAL 
250664,9.15,9.14,0.20,0.22,0.19,0.10,948.52,31.19,NORMAL 
251664,9.44,9.43,0.20,0.21,0.19,0.10,951.97,31.19,NORMAL 
252664,9.54,9.53,0.11,0.21,0.18,0.10,954.38,31.12,NORMAL 
253664,9.35,9.34,0.25,0.20,0.17,0.10,956.06,31.19,NORMAL 
254664,9.00,9.00,0.23,0.21,0.17,0.11,939.24,31.25,NORMAL 
255664,8.84,8.84,0.11,0.20,0.17,0.10,945.47,31.19,NORMAL 
256664,8.91,8.91,0.17,0.20,0.18,0.10,949.83,31.25,NORMAL 
259664,9.54,9.53,0.17,0.22,0.19,0.10,956.51,31.31,NORMAL 
260664,9.30,9.29,0.29,0.22,0.19,0.10,957.56,31.31,NORMAL 
261664,9.04,9.03,0.23,0.21,0.19,0.10,958.29,31.31,NORMAL 
262664,8.83,8.83,0.12,0.21,0.19,0.10,940.80,31.31,NORMAL 
263664,8.87,8.87,0.12,0.21,0.18,0.10,946.56,31.37,NORMAL 
264664,9.07,9.07,0.19,0.20,0.17,0.10,950.59,31.37,NORMAL 
265664,9.36,9.36,0.20,0.20,0.17,0.10,953.42,31.44,NORMAL 
266664,9.51,9.51,0.16,0.20,0.17,0.11,955.39,31.44,NORMAL 
267664,9.49,9.49,0.16,0.21,0.18,0.10,956.77,31.44,NORMAL 
268664,9.18,9.18,0.26,0.21,0.18,0.10,957.74,31.50,NORMAL 
269664,8.95,8.95,0.21,0.22,0.19,0.10,958.42,31.50,NORMAL 
270664,8.86,8.86,0.10,0.22,0.20,0.10,958.89,31.50,NORMAL 
271664,8.88,8.88,0.12,0.22,0.19,0.10,959.23,31.56,NORMAL 
272664,8.99,8.99,0.18,0.22,0.19,0.10,959.46,31.56,NORMAL 
273664,9.26,9.26,0.23,0.22,0.19,0.10,941.62,31.56,NORMAL 
274664,9.46,9.46,0.17,0.21,0.19,0.10,947.13,31.62,NORMAL 
275664,9.56,9.56,0.11,0.21,0.18,0.10,950.99,31.62,NORMAL 
276664,9.48,9.48,0.20,0.20,0.17,0.10,953.70,31.62,NORMAL 
277664,9.25,9.24,0.26,0.20,0.17,0.11,955.59,31.69,NORMAL 
278664,9.02,9.02,0.22,0.20,0.17,0.10,956.91,31.69,NORMAL 
279664,8.84,8.84,0.14,0.20,0.18,0.10,939.84,31.69,NORMAL 
280664,8.83,8.83,0.09,0.21,0.18,0.10,945.89,31.75,NORMAL 
281664,8.90,8.90,0.15,0.22,0.19,0.10,950.12,31.75,NORMAL 
282664,9.05,9.05,0.19,0.22,0.19,0.10,953.08,31.75,NORMAL 
283664,9.22,9.21,0.21,0.22,0.19,0.10,937.16,31.75,NORMAL 
284664,9.44,9.44,0.21,0.21,0.19,0.10,944.01,31.81,NORMAL 
285664,9.55,9.55,0.14,0.22,0.19,0.10,948.81,31.81,NORMAL 
286664,9.48,9.48,0.17,0.21,0.19,0.10,952.17,31.87,NORMAL 
287664,9.29,9.29,0.23,0.21,0.18,0.10,936.52,31.87,NORMAL 
288664,9.07,9.07,0.24,0.21,0.18,0.10,943.56,31.87,NORMAL 
289664,8.90,8.89,0.16,0.20,0.17,0.10,948.49,31.87,NORMAL 
290664,8.84,8.84,0.10,0.20,0.17,0.10,951.94,31.94,NORMAL 
291664,8.81,8.81,0.14,0.20,0.17,0.10,954.36,32.00,NORMAL 
292664,8.92,8.92,0.17,0.21,0.18,0.10,956.05,32.06,NORMAL 
293664,9.07,9.07,0.18,0.21,0.19,0.10,957.24,32.06,NORMAL 
294664,9.24,9.23,0.23,0.22,0.19,0.10,958.07,32.06,NORMAL 
295664,9.39,9.38,0.21,0.22,0.19,0.10,958.65,32.13,NORMAL 
296664,9.52,9.52,0.13,0.21,0.19,0.10,959.05,32.13,NORMAL 
297664,9.55,9.55,0.13,0.22,0.19,0.10,959.34,32.19,NORMAL 
298664,9.51,9.51,0.17,0.22,0.19,0.10,959.54,32.19,NORMAL 
299664,9.47,9.46,0.20,0.21,0.18,0.10,959.67,32.25,NORMAL 
300664,9.37,9.37,0.24,0.20,0.18,0.10,959.77,32.25,NORMAL 
301664,9.29,9.29,0.26,0.20,0.17,0.10,959.84,32.31,NORMAL 
302664,9.22,9.22,0.27,0.20,0.17,0.11,977.89,32.31,NORMAL 
303664,9.12,9.11,0.27,0.21,0.18,0.10,972.52,32.38,NORMAL 
304664,9.07,9.07,0.25,0.21,0.18,0.10,968.77,32.38,NORMAL 
305664,9.09,9.09,0.22,0.22,0.20,0.10,966.14,32.44,NORMAL 
306664,9.05,9.05,0.21,0.22,0.20,0.10,964.30,32.50,NORMAL 
307664,9.02,9.02,0.20,0.22,0.20,0.10,963.01,32.50,NORMAL 
308664,9.05,9.05,0.25,0.22,0.19,0.10,962.10,32.56,NORMAL 
309664,9.02,9.02,0.21,0.21,0.19,0.10,961.47,32.56,NORMAL 
310664,9.06,9.06,0.23,0.20,0.17,0.10,961.03,32.63,NORMAL 
311664,9.08,9.08,0.27,0.20,0.17,0.11,960.72,32.63,NORMAL 
312664,9.10,9.10,0.28,0.20,0.18,0.10,960.51,32.63,NORMAL 
313664,9.14,9.13,0.26,0.21,0.18,0.10,960.35,32.69,NORMAL 
314664,9.24,9.23,0.27,0.21,0.19,0.10,960.25,32.69,NORMAL 
315664,9.33,9.33,0.24,0.22,0.19,0.10,960.17,32.69,NORMAL 
316664,9.37,9.36,0.23,0.22,0.19,0.10,960.12,32.75,NORMAL 
317664,9.43,9.43,0.20,0.21,0.19,0.10,960.08,32.75,NORMAL 
318664,9.49,9.49,0.18,0.21,0.18,0.10,960.06,32.75,NORMAL 
319664,9.55,9.55,0.15,0.20,0.17,0.11,960.04,32.81,NORMAL 
320664,9.60,9.60,0.12,0.20,0.17,0.11,960.03,32.88,NORMAL 
321664,9.57,9.57,0.10,0.20,0.18,0.10,960.02,32.88,NORMAL 
322664,9.51,9.51,0.13,0.21,0.19,0.10,960.01,32.88,NORMAL 
323664,9.46,9.45,0.19,0.22,0.19,0.10,960.01,32.94,NORMAL 
324664,9.41,9.41,0.20,0.22,0.19,0.10,960.01,32.94,NORMAL 
325664,9.36,9.36,0.22,0.22,0.19,0.10,960.00,33.00,NORMAL 
326664,9.27,9.27,0.19,0.21,0.19,0.10,960.00,33.00,NORMAL 
327664,9.19,9.19,0.20,0.21,0.18,0.10,960.00,33.00,NORMAL 
328664,9.13,9.12,0.17,0.20,0.17,0.10,942.00,33.06,NORMAL 
329664,9.09,9.08,0.20,0.20,0.17,0.10,947.40,33.06,NORMAL 
330664,9.01,9.01,0.17,0.21,0.18,0.10,951.18,33.06,NORMAL 
331664,8.98,8.97,0.19,0.21,0.19,0.10,953.83,33.13,NORMAL 
332664,8.91,8.91,0.15,0.22,0.19,0.10,973.68,33.13,NORMAL 
340664,9.13,9.13,0.25,0.20,0.18,0.10,978.79,33.38,NORMAL 
341664,9.32,9.31,0.24,0.21,0.18,0.10,973.15,33.44,NORMAL 
342664,9.49,9.49,0.21,0.22,0.19,0.10,969.21,33.44,NORMAL 
343664,9.56,9.56,0.09,0.21,0.19,0.10,966.44,33.50,NORMAL 
344664,9.47,9.47,0.17,0.21,0.19,0.09,982.51,33.50,NORMAL 
345664,9.33,9.33,0.20,0.21,0.19,0.09,975.76,33.56,NORMAL 
346664,9.10,9.10,0.22,0.21,0.18,0.10,971.03,33.56,NORMAL 
347664,8.88,8.88,0.15,0.20,0.17,0.10,967.72,33.63,NORMAL 
348664,8.78,8.78,0.11,0.20,0.17,0.10,965.40,33.63,NORMAL 
349664,8.79,8.79,0.11,0.23,0.20,0.12,981.78,33.69,NORMAL 
350664,8.94,8.93,0.24,0.23,0.20,0.12,993.25,33.75,NORMAL 
351664,9.09,9.09,0.30,0.23,0.20,0.11,1037.27,33.75,NORMAL 
352664,9.32,9.32,0.24,0.22,0.20,0.10,1068.09,33.75,NORMAL 
353664,9.50,9.50,0.15,0.22,0.20,0.11,1107.66,33.81,NORMAL 
354664,9.50,9.50,0.15,0.22,0.19,0.11,1135.36,33.81,NORMAL 
355664,9.33,9.32,0.23,0.21,0.18,0.12,1154.76,33.88,NORMAL 
356664,8.99,8.99,0.24,0.21,0.18,0.11,1168.33,33.88,NORMAL 
357664,8.77,8.77,0.13,0.22,0.19,0.10,1177.83,33.88,NORMAL 
358664,8.76,8.76,0.14,0.23,0.20,0.11,1184.48,33.94,NORMAL 
359664,9.00,9.00,0.19,0.24,0.21,0.11,1189.14,33.94,NORMAL 
360664,9.38,9.38,0.20,0.24,0.21,0.12,1192.40,34.00,NORMAL 
361664,9.54,9.54,0.17,0.24,0.21,0.12,1194.68,34.00,NORMAL 
362664,9.30,9.30,0.20,0.23,0.20,0.11,1196.27,34.00,NORMAL 
363664,8.97,8.97,0.20,0.22,0.19,0.11,1197.39,34.13,NORMAL 
364664,8.75,8.75,0.17,0.22,0.18,0.12,1198.17,34.13,NORMAL 
365664,8.83,8.83,0.24,0.22,0.18,0.11,1198.72,34.19,NORMAL 
366664,9.16,9.15,0.27,0.22,0.19,0.11,1199.11,34.19,NORMAL 
367664,9.47,9.47,0.25,0.23,0.20,0.10,1199.37,34.25,NORMAL 
368664,9.43,9.43,0.17,0.22,0.20,0.10,1199.56,34.25,NORMAL 
369664,9.05,9.05,0.19,0.22,0.20,0.11,1199.69,34.31,NORMAL 
370664,8.72,8.72,0.13,0.22,0.19,0.11,1199.79,34.38,NORMAL 
371664,8.85,8.85,0.27,0.21,0.18,0.11,1199.85,34.38,NORMAL 
372664,9.34,9.34,0.22,0.22,0.20,0.10,1199.89,34.38,NORMAL 
373664,9.47,9.47,0.12,0.23,0.20,0.11,1199.93,34.44,NORMAL 
374664,9.19,9.18,0.19,0.24,0.21,0.11,1181.95,34.50,NORMAL 
375664,8.78,8.78,0.18,0.24,0.21,0.11,1187.36,34.50,NORMAL 
376664,8.78,8.78,0.19,0.23,0.20,0.11,1191.15,34.50,NORMAL 
377664,9.16,9.16,0.22,0.21,0.18,0.11,1193.81,34.56,NORMAL 
378664,9.46,9.46,0.13,0.21,0.18,0.11,1195.67,34.56,NORMAL 
379664,9.24,9.24,0.21,0.22,0.19,0.11,1196.97,34.63,NORMAL 
380664,8.81,8.81,0.15,0.23,0.20,0.11,1197.88,34.63,NORMAL 
381664,8.78,8.78,0.23,0.23,0.20,0.11,1198.51,34.63,NORMAL 
382664,9.11,9.11,0.22,0.23,0.20,0.11,1180.96,34.69,NORMAL 
383664,9.44,9.44,0.16,0.22,0.19,0.11,1186.67,34.69,NORMAL 
384664,9.30,9.30,0.22,0.22,0.18,0.12,1190.67,34.69,NORMAL 
385664,8.89,8.89,0.25,0.22,0.19,0.11,1193.47,34.75,NORMAL 
386664,8.71,8.71,0.14,0.22,0.20,0.11,1177.43,34.81,NORMAL 
387664,8.97,8.97,0.23,0.23,0.20,0.11,1184.20,34.88,NORMAL 
388664,9.38,9.38,0.18,0.24,0.21,0.12,1188.94,34.88,NORMAL 
389664,9.43,9.43,0.15,0.23,0.20,0.11,1192.26,34.94,NORMAL 
390664,9.10,9.10,0.26,0.23,0.20,0.11,1194.58,34.94,NORMAL 
391664,8.76,8.76,0.19,0.23,0.20,0.11,1196.21,35.00,NORMAL 
392664,8.78,8.77,0.13,0.22,0.19,0.10,1197.34,35.06,NORMAL 
393664,9.21,9.21,0.20,0.21,0.18,0.11,1180.14,35.13,NORMAL 
394664,9.46,9.46,0.14,0.22,0.18,0.12,1186.10,35.13,NORMAL 
395664,9.19,9.18,0.26,0.22,0.19,0.11,1190.27,35.19,NORMAL 
396664,8.88,8.87,0.21,0.22,0.20,0.11,1175.19,35.19,NORMAL 
397664,8.73,8.73,0.17,0.22,0.20,0.11,1182.63,35.19,NORMAL 
398664,9.06,9.06,0.20,0.23,0.20,0.11,1169.84,35.19,NORMAL 
399664,9.45,9.44,0.30,0.22,0.20,0.11,1178.89,35.25,NORMAL 
400664,9.31,9.31,0.24,0.22,0.19,0.11,1167.22,35.19,NORMAL 
401664,8.91,8.91,0.19,0.22,0.19,0.12,1177.06,35.25,NORMAL 
402664,8.75,8.75,0.16,0.21,0.18,0.11,1165.94,35.25,NORMAL 
403664,9.01,9.00,0.28,0.22,0.19,0.11,1158.16,35.25,NORMAL 
404664,9.38,9.38,0.16,0.23,0.20,0.11,1170.71,35.31,NORMAL 
405664,9.32,9.32,0.16,0.24,0.21,0.12,1161.50,35.31,NORMAL 
406664,8.92,8.91,0.23,0.24,0.22,0.11,1155.05,35.38,NORMAL 
407664,8.73,8.73,0.16,0.24,0.21,0.12,1168.53,35.38,NORMAL 
408664,8.98,8.97,0.29,0.24,0.21,0.11,1159.97,35.44,NORMAL 
409664,9.40,9.40,0.17,0.24,0.21,0.11,1171.98,35.44,NORMAL 
410664,9.29,9.29,0.14,0.23,0.20,0.11,1162.39,35.44,NORMAL 
411664,8.89,8.89,0.18,0.22,0.19,0.11,1155.67,35.50,NORMAL 
412664,8.76,8.76,0.28,0.22,0.18,0.12,1168.97,35.56,NORMAL 
413664,9.04,9.03,0.31,0.22,0.18,0.12,1160.28,35.63,NORMAL 
414664,9.39,9.39,0.21,0.21,0.18,0.11,1172.20,35.63,NORMAL 
415664,9.16,9.15,0.29,0.22,0.19,0.11,1162.54,35.69,NORMAL 
416664,8.79,8.78,0.20,0.23,0.20,0.11,1173.78,35.69,NORMAL 
417664,8.85,8.84,0.25,0.23,0.20,0.11,1163.64,35.75,NORMAL 
418664,9.39,9.39,0.24,0.22,0.20,0.11,1174.55,35.81,NORMAL 
419664,9.35,9.34,0.20,0.22,0.19,0.11,1164.18,35.81,NORMAL 
420664,8.85,8.85,0.20,0.21,0.18,0.11,1174.93,35.88,NORMAL 
421664,8.81,8.81,0.24,0.21,0.18,0.12,1182.45,35.88,NORMAL 
422664,9.27,9.26,0.18,0.22,0.18,0.11,1169.72,35.94,NORMAL
439664,8.71,8.71,0.13,0.21,0.18,0.11,1156.10,36.38,NORMAL 
440664,9.29,9.29,0.16,0.22,0.19,0.11,1169.27,36.38,NORMAL 
441664,9.20,9.20,0.16,0.23,0.20,0.11,1160.49,36.44,NORMAL 
442664,8.75,8.75,0.32,0.24,0.21,0.11,1172.34,36.44,NORMAL 
443664,9.19,9.19,0.24,0.24,0.21,0.12,1162.64,36.50,NORMAL 
444664,9.30,9.30,0.23,0.24,0.21,0.11,1173.85,36.50,NORMAL 
445664,8.73,8.73,0.16,0.23,0.20,0.11,1181.69,36.56,NORMAL 
446664,9.01,9.00,0.26,0.22,0.19,0.10,1169.19,36.56,NORMAL 
456664,9.45,9.45,0.11,0.22,0.19,0.11,1180.73,36.75,NORMAL 
457664,8.96,8.96,0.20,0.22,0.19,0.11,1186.51,36.81,NORMAL 
458664,8.77,8.77,0.20,0.23,0.20,0.11,1172.56,36.81,NORMAL 
459664,9.36,9.36,0.15,0.24,0.21,0.11,1180.79,36.88,NORMAL 
460664,12.11,9.53,7.49,0.30,0.25,0.16,1186.55,36.88,NORMAL 
461664,9.05,9.05,0.17,0.27,0.23,0.15,1190.59,36.94,NORMAL 
462664,8.91,8.90,0.22,0.27,0.23,0.15,1247.41,36.94,OVERCURRENT 
463664,9.13,9.13,0.23,0.27,0.22,0.15,1269.19,36.94,OVERCURRENT 
464664,9.06,9.06,0.17,0.26,0.22,0.13,1284.43,36.94,OVERCURRENT 
465664,8.92,8.91,0.16,0.26,0.21,0.14,1295.10,37.00,OVERCURRENT 
466664,9.06,9.06,0.18,0.25,0.20,0.14,1320.57,37.00,OVERCURRENT 
467664,9.19,9.19,0.17,0.24,0.20,0.14,1320.40,37.06,OVERCURRENT 
468664,8.95,8.95,0.16,0.24,0.19,0.15,1320.28,37.06,NORMAL 
469664,9.01,9.00,0.17,0.23,0.19,0.13,1320.20,37.06,NORMAL 
470664,9.16,9.16,0.21,0.23,0.19,0.13,1338.14,37.13,NORMAL 
471664,8.92,8.92,0.15,0.24,0.20,0.13,1332.70,37.13,NORMAL 
472664,9.03,9.02,0.19,0.23,0.20,0.12,1328.89,37.19,NORMAL 
473664,9.20,9.19,0.27,0.23,0.20,0.12,1326.22,37.19,NORMAL 
474664,8.96,8.95,0.27,0.23,0.19,0.12,1342.35,37.25,NORMAL 
475664,9.00,9.00,0.23,0.24,0.20,0.12,1335.65,37.25,NORMAL 
476664,9.15,9.15,0.19,0.23,0.19,0.13,1330.95,37.31,NORMAL 
477664,8.90,8.90,0.15,0.23,0.18,0.13,1327.67,37.38,NORMAL 
478664,9.07,9.07,0.20,0.23,0.19,0.13,1343.37,37.38,NORMAL 
478664,9.07,9.07,0.20,0.23,0.19,0.13,1343.37,37.38,NORMAL 
479664,9.07,9.07,0.15,0.23,0.20,0.12,1336.36,37.44,NORMAL 
480664,8.89,8.89,0.18,0.25,0.21,0.13,1331.45,37.50,NORMAL 
481664,9.14,9.14,0.21,0.25,0.21,0.13,1346.02,37.50,NORMAL 
482664,9.04,9.04,0.19,0.25,0.22,0.13,1338.21,37.50,OVERCURRENT 
483664,8.92,8.92,0.15,0.27,0.22,0.15,1332.75,37.56,OVERCURRENT 
484664,9.19,9.19,0.19,0.26,0.23,0.13,1346.92,37.56,OVERCURRENT 
485664,9.05,9.05,0.20,0.26,0.22,0.14,1338.85,37.63,OVERCURRENT 
486664,8.89,8.89,0.14,0.24,0.20,0.13,1333.19,37.63,OVERCURRENT 
487664,9.15,9.15,0.20,0.24,0.20,0.12,1347.23,37.63,NORMAL 
488664,8.98,8.98,0.30,0.23,0.19,0.13,1339.06,37.69,NORMAL 
489664,8.96,8.96,0.20,0.23,0.19,0.13,1333.34,37.69,NORMAL 
490664,9.13,9.13,0.20,0.22,0.18,0.13,1347.34,37.75,NORMAL 
491664,8.87,8.87,0.16,0.23,0.19,0.13,1339.14,37.75,NORMAL 
492664,9.02,9.01,0.22,0.23,0.19,0.13,1333.40,37.75,NORMAL 
493664,9.12,9.12,0.14,0.23,0.20,0.12,1347.38,37.81,NORMAL 
494664,8.87,8.87,0.17,0.23,0.20,0.12,1339.16,37.88,NORMAL 
495664,9.09,9.08,0.19,0.23,0.19,0.12,1333.42,37.88,NORMAL 
496664,9.06,9.06,0.19,0.23,0.19,0.13,1347.39,37.88,NORMAL 
497664,8.88,8.87,0.20,0.23,0.19,0.13,1339.17,37.88,NORMAL 
498664,9.15,9.15,0.20,0.23,0.18,0.13,1333.42,37.94,NORMAL 
499664,9.06,9.06,0.22,0.23,0.19,0.13,1347.40,38.00,NORMAL 
500664,8.90,8.90,0.21,0.23,0.19,0.13,1339.18,38.00,NORMAL 
501664,9.17,9.17,0.20,0.24,0.20,0.13,1333.42,38.00,NORMAL 
502664,8.93,8.93,0.24,0.24,0.20,0.12,1347.40,38.06,NORMAL 
503664,8.95,8.94,0.20,0.25,0.21,0.13,1339.18,38.06,NORMAL 
504664,9.18,9.18,0.20,0.25,0.21,0.13,1333.42,38.06,NORMAL 
505664,8.84,8.84,0.19,0.26,0.22,0.13,1347.40,38.06,OVERCURRENT 
506664,9.05,9.05,0.16,0.26,0.22,0.13,1339.18,38.13,OVERCURRENT 
507664,9.10,9.10,0.16,0.26,0.22,0.14,1351.42,38.13,OVERCURRENT 
510664,9.01,9.00,0.29,0.25,0.21,0.14,1348.78,38.25,OVERCURRENT 
511664,8.93,8.93,0.16,0.24,0.20,0.14,1340.15,38.25,OVERCURRENT 
512664,9.14,9.14,0.22,0.24,0.20,0.12,1334.10,38.25,NORMAL 
513664,8.90,8.90,0.23,0.22,0.18,0.13,1347.87,38.31,NORMAL 
514664,9.01,9.01,0.19,0.22,0.18,0.13,1339.51,38.31,NORMAL 
515664,9.12,9.12,0.17,0.23,0.19,0.13,1333.66,38.31,NORMAL 
516664,8.86,8.86,0.17,0.23,0.19,0.13,1347.56,38.38,NORMAL 
517664,9.17,9.16,0.20,0.24,0.20,0.13,1339.29,38.38,NORMAL 
518664,8.95,8.95,0.18,0.23,0.20,0.12,1333.50,38.38,NORMAL 
519664,9.03,9.03,0.23,0.24,0.20,0.13,1347.45,38.38,NORMAL 
520664,9.18,9.18,0.22,0.24,0.20,0.13,1339.22,38.38,NORMAL 
521664,8.83,8.83,0.17,0.23,0.19,0.12,1333.45,38.38,NORMAL 
522664,9.11,9.10,0.27,0.23,0.19,0.13,1347.42,38.38,NORMAL 
523664,8.95,8.95,0.22,0.23,0.19,0.13,1339.19,38.44,NORMAL 
524664,8.92,8.92,0.26,0.22,0.18,0.14,1351.43,38.44,NORMAL 
525664,9.17,9.17,0.20,0.23,0.19,0.12,1342.00,38.44,NORMAL 
526664,8.84,8.84,0.22,0.24,0.20,0.12,1335.40,38.50,NORMAL 
527664,9.11,9.11,0.18,0.24,0.20,0.13,1348.78,38.50,NORMAL 
528664,8.98,8.97,0.25,0.24,0.21,0.12,1340.15,38.50,NORMAL 
529664,8.90,8.90,0.25,0.25,0.22,0.13,1334.10,38.56,NORMAL 
530664,9.16,9.16,0.28,0.26,0.22,0.13,1347.87,38.56,NORMAL 
531664,8.87,8.87,0.14,0.26,0.22,0.13,1339.51,38.63,OVERCURRENT 
532664,9.08,9.08,0.21,0.27,0.23,0.14,1351.66,38.63,OVERCURRENT 
533664,8.96,8.96,0.21,0.26,0.22,0.14,1342.16,38.63,OVERCURRENT 
534664,8.91,8.90,0.24,0.26,0.21,0.14,1335.51,38.63,OVERCURRENT 
535664,9.15,9.15,0.19,0.26,0.22,0.13,1348.86,38.69,OVERCURRENT 
533664,8.96,8.96,0.21,0.26,0.22,0.14,1342.16,38.63,OVERCURRENT 
534664,8.91,8.90,0.24,0.26,0.21,0.14,1335.51,38.63,OVERCURRENT 
535664,9.15,9.15,0.19,0.26,0.22,0.13,1348.86,38.69,OVERCURRENT 
536664,8.84,8.84,0.19,0.26,0.22,0.14,1340.20,38.69,OVERCURRENT 
537664,9.04,9.04,0.26,0.25,0.21,0.13,1334.14,38.69,OVERCURRENT 
538664,9.04,9.04,0.28,0.25,0.21,0.13,1347.90,38.75,OVERCURRENT 
539664,8.84,8.83,0.33,0.24,0.19,0.13,1339.53,38.75,UNBALANCE 
540664,9.19,9.18,0.31,0.24,0.20,0.13,1351.67,38.75,UNBALANCE 
541664,8.87,8.87,0.17,0.23,0.19,0.13,1342.17,38.75,NORMAL 
542664,9.08,9.08,0.21,0.22,0.18,0.13,1335.52,38.75,NORMAL 
543664,8.94,8.94,0.21,0.23,0.19,0.13,1348.86,38.88,NORMAL 
544664,8.97,8.97,0.29,0.23,0.19,0.13,1340.20,38.81,NORMAL 
545664,9.06,9.06,0.27,0.23,0.20,0.12,1334.14,38.88,NORMAL 
546664,8.84,8.84,0.22,0.23,0.19,0.12,1347.90,38.88,NORMAL 
547664,9.08,9.08,0.17,0.24,0.20,0.12,1339.53,38.94,NORMAL 
548664,8.83,8.83,0.23,0.23,0.19,0.13,1351.67,38.94,NORMAL 
549664,9.22,9.21,0.19,0.23,0.19,0.13,1342.17,39.00,NORMAL 
550664,8.78,8.78,0.20,0.23,0.19,0.13,1335.52,39.00,NORMAL 
551664,9.12,9.12,0.16,0.22,0.18,0.13,1348.86,39.00,NORMAL 
552664,8.92,8.91,0.24,0.22,0.18,0.13,1340.20,39.06,NORMAL 
553664,9.05,9.05,0.21,0.23,0.20,0.12,1334.14,39.06,NORMAL 
554664,8.97,8.97,0.25,0.23,0.20,0.12,1347.90,39.13,NORMAL 
555664,8.93,8.92,0.19,0.24,0.21,0.13,1339.53,39.13,NORMAL 
556664,9.04,9.03,0.22,0.25,0.21,0.13,1333.67,39.13,NORMAL 
557664,8.88,8.88,0.26,0.26,0.22,0.13,1329.57,39.13,OVERCURRENT 
558664,9.11,9.11,0.17,0.27,0.23,0.14,1344.70,39.19,OVERCURRENT 
559664,8.90,8.90,0.17,0.26,0.22,0.14,1337.29,39.19,OVERCURRENT 
560664,9.18,9.18,0.19,0.26,0.22,0.14,1332.10,39.25,OVERCURRENT 
561664,8.82,8.82,0.16,0.26,0.21,0.14,1346.47,39.25,OVERCURRENT 
562664,9.20,9.20,0.18,0.25,0.21,0.14,1338.53,39.25,OVERCURRENT 
563664,8.85,8.85,0.16,0.24,0.21,0.12,1332.97,39.25,NORMAL 
564664,9.12,9.12,0.17,0.23,0.20,0.13,1347.08,39.25,NORMAL 
565664,8.91,8.90,0.17,0.23,0.19,0.13,1338.96,39.25,NORMAL 
566664,9.11,9.10,0.20,0.23,0.18,0.13,1333.27,39.31,NORMAL 
567664,8.95,8.95,0.22,0.22,0.18,0.13,1347.29,39.31,NORMAL 
568664,9.05,9.05,0.27,0.22,0.19,0.12,1339.10,39.38,NORMAL 
569664,8.93,8.93,0.24,0.23,0.19,0.12,1351.37,39.38,NORMAL 
570664,9.05,9.04,0.24,0.23,0.19,0.12,1341.96,39.38,NORMAL 
571664,8.92,8.92,0.15,0.23,0.19,0.12,1335.37,39.38,NORMAL 
572664,8.99,8.98,0.23,0.23,0.19,0.12,1348.76,39.38,NORMAL 
573664,8.90,8.90,0.15,0.24,0.20,0.13,1340.13,39.38,NORMAL 
574664,9.01,9.01,0.21,0.22,0.19,0.12,1352.09,39.38,NORMAL 
575664,8.91,8.91,0.17,0.23,0.19,0.13,1342.46,39.38,NORMAL 
576664,9.01,9.01,0.15,0.23,0.18,0.14,1335.73,39.38,NORMAL 
577664,8.91,8.91,0.18,0.23,0.19,0.13,1349.01,39.38,NORMAL 
578664,9.05,9.05,0.18,0.23,0.19,0.13,1340.31,39.38,NORMAL 
579664,8.92,8.92,0.17,0.24,0.20,0.12,1334.21,39.38,NORMAL 
580664,9.05,9.04,0.16,0.24,0.21,0.13,1347.95,39.38,NORMAL 
581664,8.89,8.89,0.17,0.25,0.21,0.13,1339.56,39.44,NORMAL 
582664,9.02,9.02,0.17,0.25,0.21,0.13,1333.70,39.44,OVERCURRENT 
583664,8.92,8.92,0.14,0.26,0.22,0.14,1347.59,39.50,OVERCURRENT 
584664,9.08,9.07,0.22,0.27,0.22,0.15,1339.31,39.50,OVERCURRENT 
585664,8.94,8.94,0.15,0.27,0.22,0.15,1333.52,39.50,OVERCURRENT 
586664,8.97,8.97,0.20,0.27,0.23,0.14,1347.46,39.56,OVERCURRENT 
587664,8.96,8.96,0.21,0.27,0.23,0.14,1339.22,39.56,OVERCURRENT 
588664,9.03,9.03,0.19,0.25,0.21,0.14,1333.46,39.56,OVERCURRENT 
589664,8.93,8.93,0.17,0.26,0.22,0.14,1347.42,39.63,OVERCURRENT 
590664,9.07,9.07,0.17,0.24,0.20,0.14,1339.19,39.63,OVERCURRENT 
591664,8.89,8.88,0.21,0.24,0.20,0.14,1351.44,39.63,OVERCURRENT 
591664,8.89,8.88,0.21,0.24,0.20,0.14,1351.44,39.63,OVERCURRENT 
592664,9.12,9.12,0.18,0.23,0.20,0.12,1342.00,39.63,NORMAL 
593664,8.81,8.81,0.17,0.23,0.18,0.14,1353.40,39.69,NORMAL 
594664,9.10,9.10,0.24,0.23,0.18,0.14,1343.38,39.69,NORMAL 
595664,8.81,8.81,0.18,0.23,0.18,0.14,1336.37,39.69,NORMAL 
596664,9.22,9.22,0.30,0.23,0.19,0.14,1349.46,39.75,NORMAL 
597664,8.82,8.81,0.22,0.23,0.19,0.13,1340.62,39.75,NORMAL 
598664,9.17,9.17,0.18,0.24,0.20,0.13,1352.43,39.75,NORMAL 
599664,8.83,8.82,0.19,0.24,0.20,0.13,1342.70,39.75,NORMAL 
600664,9.08,9.08,0.18,0.24,0.20,0.13,1335.89,39.81,NORMAL 
601664,8.85,8.85,0.20,0.24,0.20,0.13,1349.12,39.81,NORMAL 
602664,9.05,9.04,0.18,0.23,0.19,0.13,1340.39,39.88,NORMAL 
603664,8.90,8.90,0.16,0.23,0.19,0.14,1334.27,39.88,NORMAL 
604664,8.96,8.96,0.15,0.23,0.19,0.14,1347.99,39.94,NORMAL 
605664,8.91,8.91,0.19,0.23,0.19,0.13,1339.59,39.94,NORMAL 
606664,8.98,8.98,0.13,0.23,0.19,0.12,1351.72,40.00,NORMAL 
607664,8.93,8.93,0.20,0.24,0.20,0.13,1342.20,40.00,NORMAL 
608664,8.99,8.99,0.16,0.24,0.20,0.13,1335.54,40.00,NORMAL 
609664,8.93,8.93,0.21,0.25,0.22,0.13,1348.88,40.00,OVERCURRENT 
610664,8.97,8.97,0.15,0.27,0.22,0.14,1340.21,40.06,OVERCURRENT 
611664,8.94,8.94,0.20,0.27,0.22,0.15,1352.15,40.06,OVERCURRENT 
612664,8.97,8.97,0.18,0.27,0.23,0.15,1342.51,40.06,OVERCURRENT 
613664,8.99,8.99,0.19,0.26,0.22,0.13,1353.75,40.13,OVERCURRENT 
614664,8.89,8.89,0.16,0.26,0.21,0.15,1343.63,40.13,OVERCURRENT 
615664,9.05,9.05,0.16,0.25,0.22,0.13,1336.54,40.19,OVERCURRENT 
616664,8.83,8.83,0.16,0.25,0.21,0.13,1349.58,40.19,OVERCURRENT 
617664,9.12,9.11,0.18,0.23,0.19,0.13,1340.70,40.19,NORMAL 
618664,8.77,8.77,0.19,0.22,0.19,0.13,1352.49,40.19,NORMAL 
619664,9.12,9.12,0.22,0.23,0.18,0.14,1342.74,40.19,NORMAL 
623664,9.04,9.04,0.17,0.23,0.19,0.12,1334.28,40.25,NORMAL 
624664,8.97,8.96,0.16,0.23,0.20,0.12,1348.00,40.25,NORMAL 
625664,8.92,8.92,0.19,0.23,0.20,0.12,1339.60,40.25,NORMAL 
626664,9.08,9.08,0.20,0.23,0.20,0.12,1333.72,40.25,NORMAL 
627664,8.81,8.81,0.14,0.23,0.19,0.13,1347.60,40.25,NORMAL 
628664,9.13,9.13,0.29,0.23,0.18,0.13,1339.32,40.31,NORMAL 
629664,8.81,8.80,0.22,0.23,0.19,0.13,1333.53,40.31,NORMAL 
630664,9.02,9.02,0.15,0.23,0.20,0.13,1347.47,40.31,NORMAL 
631664,8.90,8.90,0.18,0.24,0.21,0.12,1339.23,40.31,NORMAL 
632664,8.98,8.98,0.17,0.25,0.22,0.13,1333.46,40.31,NORMAL 
633664,9.12,9.11,0.18,0.25,0.21,0.13,1347.42,40.31,OVERCURRENT 
634664,8.86,8.86,0.20,0.27,0.22,0.15,1339.20,40.31,OVERCURRENT 
635664,9.14,9.14,0.20,0.26,0.22,0.13,1333.44,40.38,OVERCURRENT 
636664,8.86,8.86,0.16,0.25,0.21,0.13,1347.41,40.38,OVERCURRENT 
637664,8.95,8.95,0.13,0.24,0.21,0.12,1339.18,40.44,OVERCURRENT 
638664,9.01,9.01,0.20,0.23,0.19,0.13,1333.43,40.44,NORMAL 
639664,8.77,8.77,0.19,0.22,0.18,0.13,1347.40,40.44,NORMAL 
640664,9.13,9.13,0.21,0.22,0.18,0.13,1339.18,40.44,NORMAL 
641664,8.88,8.88,0.15,0.22,0.19,0.12,1333.43,40.50,NORMAL 
642664,8.98,8.98,0.19,0.23,0.19,0.13,1347.40,40.44,NORMAL 
643664,9.05,9.05,0.33,0.23,0.20,0.13,1339.18,40.50,NORMAL 
644664,8.89,8.89,0.19,0.23,0.19,0.12,1333.43,40.50,NORMAL 
639664,8.77,8.77,0.19,0.22,0.18,0.13,1347.40,40.44,NORMAL 
640664,9.13,9.13,0.21,0.22,0.18,0.13,1339.18,40.44,NORMAL 
641664,8.88,8.88,0.15,0.22,0.19,0.12,1333.43,40.50,NORMAL 
642664,8.98,8.98,0.19,0.23,0.19,0.13,1347.40,40.44,NORMAL 
643664,9.05,9.05,0.33,0.23,0.20,0.13,1339.18,40.50,NORMAL 
644664,8.89,8.89,0.19,0.23,0.19,0.12,1333.43,40.50,NORMAL 
645664,9.09,9.09,0.15,0.23,0.18,0.13,1347.40,40.50,NORMAL 
646664,9.04,9.03,0.18,0.22,0.18,0.13,1339.18,40.56,NORMAL 
647664,8.80,8.80,0.18,0.22,0.18,0.13,1333.42,40.56,NORMAL 
648664,9.07,9.07,0.27,0.23,0.20,0.12,1329.40,40.56,NORMAL 
649664,8.89,8.88,0.21,0.24,0.21,0.13,1344.58,40.56,NORMAL 
650664,8.89,8.89,0.24,0.25,0.21,0.13,1337.20,40.56,NORMAL 
651664,9.08,9.08,0.16,0.26,0.22,0.13,1332.04,40.56,OVERCURRENT 
652664,8.85,8.85,0.21,0.25,0.21,0.14,1328.43,40.56,OVERCURRENT 
653664,8.94,8.94,0.25,0.25,0.21,0.13,1343.90,40.63,OVERCURRENT 
654664,9.09,9.09,0.17,0.23,0.20,0.12,1336.73,40.63,NORMAL 
655664,8.86,8.86,0.21,0.22,0.18,0.13,1331.71,40.63,NORMAL 
656664,8.88,8.88,0.14,0.23,0.19,0.13,1328.20,40.63,NORMAL 
657664,9.07,9.07,0.24,0.23,0.19,0.12,1343.74,40.69,NORMAL 
658664,8.90,8.90,0.19,0.23,0.20,0.12,1336.62,40.69,NORMAL 
659664,8.85,8.85,0.14,0.22,0.19,0.12,1331.63,40.69,NORMAL 
660664,9.08,9.08,0.18,0.22,0.18,0.13,1328.14,40.75,NORMAL 
661664,8.84,8.83,0.17,0.22,0.18,0.12,1343.70,40.69,NORMAL 
662664,8.87,8.87,0.19,0.23,0.20,0.12,1336.59,40.75,NORMAL 
663664,9.10,9.10,0.15,0.25,0.21,0.13,1331.61,40.75,NORMAL 
664664,8.90,8.90,0.19,0.26,0.22,0.13,1346.13,40.75,NORMAL 
665664,8.90,8.90,0.20,0.25,0.21,0.14,1338.29,40.75,OVERCURRENT 
666664,9.14,9.14,0.20,0.27,0.22,0.15,1332.80,40.75,OVERCURRENT 
667664,8.89,8.89,0.17,0.26,0.22,0.12,1328.96,40.75,OVERCURRENT 
668664,8.93,8.92,0.35,0.25,0.21,0.13,1344.27,40.75,UNBALANCE 
669664,9.14,9.14,0.25,0.23,0.20,0.12,1336.99,40.81,NORMAL 
670664,8.84,8.83,0.36,0.22,0.18,0.13,1331.89,40.81,NORMAL 
671664,8.96,8.96,0.31,0.23,0.18,0.13,1346.33,40.81,NORMAL 
672664,9.05,9.04,0.33,0.23,0.19,0.13,1338.43,40.81,UNBALANCE 
673664,8.85,8.85,0.31,0.23,0.19,0.13,1332.90,40.88,UNBALANCE 
674664,9.06,9.06,0.27,0.24,0.20,0.13,1329.03,40.88,NORMAL 
675664,8.94,8.94,0.27,0.24,0.20,0.13,1344.32,40.88,NORMAL 
676664,8.80,8.79,0.32,0.23,0.20,0.13,1337.02,40.94,NORMAL 
677664,9.06,9.06,0.31,0.23,0.19,0.13,1331.92,40.94,NORMAL 
678664,8.85,8.85,0.26,0.23,0.19,0.14,1328.34,40.94,NORMAL 
679664,8.93,8.92,0.29,0.23,0.19,0.13,1343.84,40.94,NORMAL 
680664,9.08,9.08,0.28,0.24,0.20,0.13,1336.69,41.00,NORMAL 
681664,8.80,8.80,0.29,0.24,0.21,0.13,1331.68,41.00,NORMAL 
682664,9.02,9.01,0.36,0.25,0.22,0.13,1346.18,41.00,NORMAL 
683664,8.93,8.93,0.23,0.26,0.22,0.14,1338.32,41.00,OVERCURRENT 
684664,8.82,8.81,0.21,0.27,0.23,0.15,1332.83,41.06,OVERCURRENT 
685664,9.05,9.05,0.15,0.26,0.22,0.14,1328.98,41.06,OVERCURRENT 
686664,8.83,8.82,0.22,0.26,0.21,0.14,1326.29,41.06,OVERCURRENT 
687664,8.97,8.97,0.16,0.23,0.20,0.12,1342.40,41.13,NORMAL 
688664,8.99,8.98,0.27,0.23,0.19,0.13,1335.68,41.13,NORMAL 
699664,8.77,8.77,0.14,0.23,0.20,0.12,1347.33,41.19,NORMAL 
700664,9.10,9.10,0.17,0.25,0.21,0.13,1339.13,41.25,NORMAL 
701664,8.90,8.90,0.16,0.25,0.21,0.13,1333.39,41.19,NORMAL 
702664,8.94,8.94,0.22,0.26,0.22,0.14,1329.37,41.19,OVERCURRENT 
703664,9.01,9.01,0.19,0.27,0.23,0.14,1344.56,41.25,OVERCURRENT 
704664,8.83,8.83,0.13,0.26,0.21,0.14,1337.19,41.19,OVERCURRENT 
705664,9.14,9.13,0.21,0.26,0.22,0.14,1332.04,41.25,OVERCURRENT 
706664,8.82,8.81,0.18,0.24,0.21,0.12,1346.42,41.25,OVERCURRENT 
707664,8.86,8.86,0.15,0.24,0.20,0.13,1338.50,41.25,OVERCURRENT 
708664,9.05,9.04,0.18,0.23,0.20,0.12,1332.95,41.25,NORMAL 
709664,8.76,8.76,0.24,0.23,0.19,0.13,1347.06,41.31,NORMAL 
710664,9.10,9.09,0.25,0.22,0.18,0.13,1338.94,41.31,NORMAL 
711664,8.92,8.92,0.25,0.22,0.18,0.13,1333.26,41.31,NORMAL 
712664,8.91,8.90,0.34,0.22,0.19,0.12,1347.28,41.31,NORMAL 
713664,9.11,9.10,0.40,0.23,0.19,0.12,1339.10,41.38,NORMAL 
714664,8.83,8.83,0.29,0.23,0.20,0.12,1351.37,41.44,NORMAL 
715664,9.01,9.00,0.39,0.23,0.20,0.12,1341.96,41.44,NORMAL 
716664,9.04,9.04,0.30,0.23,0.20,0.13,1335.37,41.44,NORMAL 
717664,8.77,8.77,0.23,0.23,0.19,0.12,1348.76,41.44,NORMAL 
718664,9.01,9.01,0.19,0.22,0.18,0.12,1340.13,41.44,NORMAL 
719664,8.99,8.99,0.21,0.23,0.18,0.13,1334.09,41.50,NORMAL 
720664,8.77,8.77,0.14,0.23,0.19,0.13,1329.86,41.44,NORMAL 
721664,9.10,9.10,0.14,0.23,0.19,0.13,1344.91,41.50,NORMAL 
722664,8.91,8.91,0.28,0.24,0.20,0.13,1337.43,41.50,NORMAL 
723664,8.98,8.97,0.36,0.24,0.21,0.13,1332.20,41.50,NORMAL 
724664,9.15,9.15,0.36,0.25,0.21,0.12,1346.54,41.50,NORMAL 
725664,8.93,8.92,0.38,0.25,0.22,0.13,1338.58,41.56,UNBALANCE 
726664,9.05,9.05,0.18,0.26,0.22,0.14,1333.01,41.50,OVERCURRENT 
727664,8.84,8.84,0.24,0.25,0.22,0.13,1347.10,41.56,OVERCURRENT 
728664,9.07,9.07,0.23,0.26,0.22,0.14,1338.97,41.56,OVERCURRENT 
729664,8.82,8.82,0.18,0.25,0.22,0.12,1333.28,41.56,OVERCURRENT 
730664,9.09,9.08,0.33,0.26,0.22,0.13,1329.30,41.56,UNBALANCE 
731664,8.89,8.89,0.17,0.25,0.22,0.12,1344.51,41.56,OVERCURRENT 
732664,9.03,9.03,0.20,0.25,0.21,0.13,1337.16,41.56,OVERCURRENT 
733664,8.86,8.85,0.22,0.24,0.20,0.13,1332.01,41.56,NORMAL 
734664,8.98,8.98,0.15,0.23,0.20,0.12,1328.41,41.56,NORMAL 
735664,8.87,8.87,0.22,0.23,0.19,0.12,1325.88,41.56,NORMAL 
736664,8.94,8.94,0.15,0.22,0.19,0.12,1342.12,41.50,NORMAL 
737664,8.92,8.92,0.22,0.22,0.18,0.13,1335.48,41.56,NORMAL 
738664,8.94,8.93,0.15,0.22,0.18,0.13,1330.84,41.56,NORMAL 
739664,8.82,8.82,0.19,0.22,0.18,0.13,1327.59,41.56,NORMAL 
740664,8.99,8.99,0.17,0.22,0.18,0.12,1343.31,41.56,NORMAL 
741664,8.84,8.83,0.24,0.22,0.18,0.13,1336.32,41.56,NORMAL 
742664,8.99,8.99,0.22,0.23,0.19,0.13,1331.42,41.56,NORMAL 
743664,8.87,8.87,0.19,0.22,0.19,0.12,1328.00,41.56,NORMAL 
744664,9.03,9.03,0.27,0.23,0.20,0.12,1325.60,41.56,NORMAL 
745664,8.83,8.83,0.24,0.23,0.20,0.12,1323.92,41.63,NORMAL 
746664,8.99,8.99,0.19,0.23,0.19,0.12,1340.74,41.63,NORMAL 
747664,8.81,8.81,0.13,0.23,0.20,0.12,1334.52,41.56,NORMAL 
748664,9.07,9.07,0.17,0.23,0.19,0.12,1330.16,41.63,NORMAL 
749664,8.79,8.79,0.25,0.23,0.20,0.12,1327.11,41.63,NORMAL 
750664,9.08,9.08,0.17,0.23,0.20,0.12,1324.98,41.63,NORMAL 
751664,8.88,8.88,0.17,0.23,0.20,0.12,1341.49,41.63,NORMAL 
752664,9.02,9.01,0.18,0.23,0.20,0.12,1335.04,41.63,NORMAL 
753664,8.98,8.98,0.13,0.24,0.20,0.12,1330.53,41.63,NORMAL 
754664,8.93,8.92,0.24,0.23,0.20,0.12,1327.37,41.63,NORMAL 
755664,9.09,9.09,0.20,0.23,0.20,0.12,1343.16,41.63,NORMAL 
756664,8.86,8.85,0.33,0.23,0.20,0.12,1336.21,41.63,NORMAL 
757664,9.10,9.10,0.28,0.23,0.19,0.13,1331.35,41.69,NORMAL 
758664,8.82,8.82,0.25,0.23,0.20,0.13,1345.94,41.69,NORMAL 
759664,9.13,9.13,0.23,0.22,0.19,0.12,1338.16,41.69,NORMAL 
760664,8.83,8.83,0.26,0.23,0.19,0.12,1332.71,41.75,NORMAL 
757664,9.10,9.10,0.28,0.23,0.19,0.13,1331.35,41.69,NORMAL 
758664,8.82,8.82,0.25,0.23,0.20,0.13,1345.94,41.69,NORMAL 
759664,9.13,9.13,0.23,0.22,0.19,0.12,1338.16,41.69,NORMAL 
760664,8.83,8.83,0.26,0.23,0.19,0.12,1332.71,41.75,NORMAL 
761664,9.08,9.08,0.16,0.23,0.20,0.12,1328.90,41.75,NORMAL 
762664,8.84,8.84,0.15,0.23,0.19,0.12,1344.23,41.75,NORMAL 
763664,9.01,9.00,0.29,0.23,0.20,0.12,1336.96,41.75,NORMAL 
764664,8.91,8.90,0.19,0.23,0.20,0.12,1331.87,41.75,NORMAL 
765664,8.92,8.92,0.19,0.22,0.19,0.12,1346.31,41.75,NORMAL 
766664,9.08,9.07,0.32,0.23,0.19,0.12,1338.42,41.75,NORMAL 
767664,8.84,8.84,0.26,0.23,0.20,0.12,1350.89,41.75,NORMAL 
768664,9.04,9.04,0.27,0.23,0.20,0.12,1341.62,41.81,NORMAL 
769664,8.76,8.76,0.17,0.23,0.19,0.13,1335.14,41.81,NORMAL 
770664,9.02,9.02,0.22,0.23,0.19,0.12,1330.60,41.88,NORMAL 
771664,8.86,8.85,0.22,0.23,0.20,0.11,1345.42,41.88,NORMAL 
772664,8.94,8.94,0.22,0.22,0.19,0.11,1337.79,41.94,NORMAL 
773664,8.91,8.90,0.22,0.23,0.19,0.12,1332.45,41.88,NORMAL 
774664,8.96,8.96,0.23,0.23,0.20,0.12,1346.72,42.00,NORMAL 
775664,8.92,8.91,0.22,0.22,0.19,0.12,1338.70,42.00,NORMAL 
776664,8.97,8.97,0.23,0.23,0.19,0.12,1333.09,42.00,NORMAL 
777664,8.91,8.91,0.23,0.23,0.20,0.11,1329.16,42.00,NORMAL 
778664,8.86,8.86,0.22,0.22,0.19,0.12,1344.42,42.00,NORMAL 
779664,9.04,9.04,0.21,0.23,0.19,0.12,1337.09,42.00,NORMAL 
776664,8.97,8.97,0.23,0.23,0.19,0.12,1333.09,42.00,NORMAL 
777664,8.91,8.91,0.23,0.23,0.20,0.11,1329.16,42.00,NORMAL 
778664,8.86,8.86,0.22,0.22,0.19,0.12,1344.42,42.00,NORMAL 
779664,9.04,9.04,0.21,0.23,0.19,0.12,1337.09,42.00,NORMAL 
780664,8.83,8.83,0.20,0.22,0.19,0.12,1331.96,42.00,NORMAL 
781664,9.06,9.06,0.18,0.22,0.18,0.13,1346.37,42.00,NORMAL 
782664,8.85,8.85,0.15,0.22,0.19,0.12,1338.46,42.00,NORMAL 
783664,8.98,8.98,0.19,0.22,0.18,0.13,1332.92,42.00,NORMAL 
784664,8.91,8.91,0.14,0.23,0.18,0.13,1347.05,42.00,NORMAL 
785664,8.94,8.93,0.23,0.23,0.18,0.13,1338.93,42.00,NORMAL 
786664,9.00,9.00,0.14,0.23,0.19,0.13,1333.25,42.00,NORMAL 
787664,8.84,8.84,0.22,0.23,0.19,0.13,1329.28,42.00,NORMAL 
788664,9.01,9.01,0.20,0.23,0.19,0.13,1326.49,42.00,NORMAL 
789664,8.89,8.89,0.16,0.23,0.20,0.12,1342.55,41.94,NORMAL 
790664,9.05,9.05,0.19,0.23,0.20,0.12,1335.78,42.00,NORMAL 
791664,8.80,8.80,0.17,0.24,0.20,0.12,1331.05,42.00,NORMAL 
792664,9.10,9.10,0.17,0.25,0.21,0.13,1345.73,42.00,NORMAL 
793664,8.76,8.76,0.15,0.25,0.21,0.13,1338.01,42.00,NORMAL 
794664,9.08,9.07,0.21,0.26,0.22,0.14,1332.61,42.00,OVERCURRENT 
795664,8.83,8.83,0.20,0.27,0.22,0.15,1328.83,42.00,OVERCURRENT 
796664,9.07,9.06,0.23,0.25,0.21,0.14,1344.18,42.06,OVERCURRENT 
797664,8.81,8.81,0.18,0.26,0.22,0.15,1336.92,42.00,OVERCURRENT 
798664,9.07,9.07,0.16,0.26,0.22,0.14,1331.85,42.00,OVERCURRENT 
799664,8.78,8.78,0.17,0.26,0.22,0.14,1346.29,42.00,OVERCURRENT 
800664,9.10,9.10,0.19,0.25,0.21,0.14,1338.41,42.06,OVERCURRENT 
801664,8.76,8.76,0.21,0.25,0.22,0.13,1332.88,42.06,OVERCURRENT 
802664,9.02,9.02,0.26,0.24,0.21,0.13,1347.02,42.06,OVERCURRENT 
803664,8.88,8.88,0.24,0.24,0.20,0.13,1338.91,42.06,NORMAL 
804664,8.93,8.93,0.23,0.23,0.19,0.13,1333.24,42.06,NORMAL 
805664,9.02,9.01,0.21,0.22,0.18,0.13,1347.27,42.13,NORMAL 
806664,8.83,8.82,0.18,0.23,0.18,0.13,1339.09,42.13,NORMAL 
807664,9.10,9.10,0.17,0.22,0.18,0.13,1333.36,42.13,NORMAL 
729664,8.82,8.82,0.18,0.25,0.22,0.12,1333.28,41.56,OVERCURRENT 
730664,9.09,9.08,0.33,0.26,0.22,0.13,1329.30,41.56,UNBALANCE 
731664,8.89,8.89,0.17,0.25,0.22,0.12,1344.51,41.56,OVERCURRENT 
828664,8.85,8.84,0.48,0.25,0.21,0.12,1331.76,42.31,UNBALANCE 
829664,9.13,9.11,0.50,0.25,0.22,0.13,1328.23,42.38,UNBALANCE 
830664,8.77,8.76,0.41,0.24,0.21,0.12,1343.76,42.38,UNBALANCE 
831664,8.92,8.90,0.48,0.24,0.20,0.12,1336.63,42.44,UNBALANCE 
832664,9.04,9.02,0.52,0.23,0.19,0.13,1349.64,42.44,UNBALANCE 
833664,8.75,8.73,0.51,0.23,0.18,0.14,1340.75,42.44,UNBALANCE 
834664,9.10,9.09,0.39,0.22,0.18,0.13,1334.53,42.44,UNBALANCE 
835664,8.90,8.89,0.34,0.22,0.18,0.13,1348.17,42.38,UNBALANCE 
836664,8.90,8.90,0.40,0.22,0.18,0.13,1339.72,42.44,UNBALANCE 
837664,9.09,9.08,0.46,0.23,0.19,0.12,1351.80,42.38,UNBALANCE 
838664,8.77,8.76,0.31,0.23,0.20,0.12,1342.26,42.44,UNBALANCE 
839664,9.04,9.03,0.33,0.23,0.20,0.12,1335.58,42.44,UNBALANCE 
840664,9.01,9.00,0.39,0.23,0.20,0.11,1348.91,42.44,UNBALANCE 
841664,8.78,8.77,0.42,0.23,0.20,0.12,1340.24,42.44,UNBALANCE 
842664,9.10,9.09,0.38,0.23,0.20,0.13,1352.16,42.44,UNBALANCE 
843664,8.85,8.84,0.41,0.23,0.19,0.13,1342.52,42.38,UNBALANCE 
844664,8.93,8.93,0.40,0.22,0.18,0.13,1335.76,42.44,UNBALANCE 
845664,9.06,9.05,0.33,0.22,0.19,0.12,1349.03,42.44,UNBALANCE 
846664,8.77,8.77,0.29,0.22,0.19,0.13,1340.32,42.44,NORMAL 
847664,9.09,9.08,0.40,0.22,0.18,0.13,1334.23,42.44,NORMAL 
848664,8.87,8.86,0.47,0.23,0.20,0.12,1347.96,42.44,NORMAL 
849664,8.88,8.87,0.43,0.24,0.20,0.12,1339.57,42.44,UNBALANCE 
850664,9.06,9.05,0.39,0.24,0.21,0.12,1333.70,42.44,UNBALANCE 
851664,8.84,8.83,0.36,0.25,0.21,0.12,1347.59,42.50,UNBALANCE 
852664,9.05,9.05,0.32,0.26,0.22,0.14,1339.31,42.44,UNBALANCE 
853664,8.97,8.96,0.31,0.26,0.22,0.14,1333.52,42.50,UNBALANCE 
854664,8.88,8.87,0.33,0.26,0.22,0.13,1329.46,42.50,UNBALANCE 
855664,9.09,9.09,0.20,0.25,0.21,0.14,1344.62,42.50,OVERCURRENT 
856664,8.82,8.82,0.16,0.26,0.22,0.13,1337.24,42.50,OVERCURRENT 
857664,9.07,9.07,0.20,0.25,0.21,0.13,1350.07,42.50,OVERCURRENT 
858664,8.99,8.99,0.23,0.25,0.21,0.13,1341.05,42.50,OVERCURRENT 
859664,8.90,8.90,0.20,0.24,0.21,0.12,1334.73,42.50,OVERCURRENT 
860664,9.12,9.12,0.18,0.24,0.21,0.13,1348.31,42.50,OVERCURRENT 
861664,8.79,8.79,0.21,0.23,0.20,0.12,1339.82,42.56,NORMAL 
862664,8.99,8.99,0.21,0.22,0.19,0.13,1333.87,42.56,NORMAL 
869664,8.77,8.77,0.16,0.23,0.20,0.12,1347.43,42.56,NORMAL 
870664,8.91,8.91,0.18,0.23,0.19,0.13,1339.20,42.56,NORMAL 
871664,8.99,8.99,0.21,0.23,0.20,0.12,1333.44,42.56,NORMAL 
872664,8.76,8.75,0.38,0.23,0.20,0.12,1347.41,42.56,NORMAL 
873664,8.97,8.96,0.43,0.23,0.19,0.12,1339.19,42.63,NORMAL 
874664,8.89,8.88,0.27,0.22,0.18,0.12,1333.43,42.69,NORMAL 
875664,8.81,8.81,0.24,0.22,0.18,0.13,1347.40,42.69,NORMAL 
876664,9.06,9.06,0.35,0.22,0.18,0.13,1339.18,42.69,NORMAL 
877664,8.85,8.84,0.36,0.23,0.19,0.12,1333.43,42.75,NORMAL 
878664,8.90,8.89,0.46,0.23,0.19,0.12,1347.40,42.75,UNBALANCE 
879664,9.07,9.06,0.52,0.23,0.19,0.12,1339.18,42.75,UNBALANCE 
880664,8.81,8.77,0.84,0.23,0.20,0.12,1333.43,42.81,UNBALANCE 
881664,9.01,8.97,0.81,0.25,0.21,0.14,1329.40,42.81,UNBALANCE 
882664,8.94,8.92,0.56,0.24,0.21,0.12,1344.58,42.81,UNBALANCE 
883664,8.81,8.79,0.50,0.25,0.21,0.13,1337.20,42.81,UNBALANCE 
884664,9.16,9.14,0.61,0.25,0.21,0.13,1332.04,42.88,UNBALANCE 
885664,8.84,8.83,0.32,0.26,0.22,0.13,1346.43,42.94,UNBALANCE 
886664,8.93,8.92,0.45,0.25,0.21,0.13,1338.50,42.88,UNBALANCE 
887664,9.13,9.11,0.71,0.25,0.22,0.12,1332.95,42.88,UNBALANCE 
888664,8.79,8.77,0.58,0.25,0.21,0.13,1347.07,42.94,UNBALANCE 
889664,9.06,9.05,0.41,0.25,0.22,0.13,1338.95,42.94,UNBALANCE 
890664,8.94,8.93,0.50,0.25,0.22,0.12,1333.26,42.94,UNBALANCE 
895664,9.03,9.02,0.30,0.26,0.21,0.15,1328.40,42.94,UNBALANCE 
896664,8.78,8.77,0.39,0.25,0.20,0.14,1343.88,42.94,UNBALANCE 
897664,9.02,9.00,0.57,0.25,0.21,0.14,1336.72,42.94,UNBALANCE 
898664,8.93,8.92,0.47,0.24,0.20,0.14,1331.70,43.00,UNBALANCE 
899664,8.88,8.86,0.59,0.25,0.20,0.14,1346.19,43.00,UNBALANCE 
900664,9.19,9.17,0.50,0.24,0.19,0.14,1338.33,42.94,UNBALANCE 
901664,8.89,8.86,0.73,0.24,0.19,0.15,1332.83,42.94,UNBALANCE 
902664,8.93,8.90,0.71,0.24,0.19,0.14,1346.98,43.00,UNBALANCE 
903664,9.00,8.99,0.51,0.24,0.19,0.15,1338.89,43.00,UNBALANCE 
904664,8.80,8.78,0.59,0.24,0.19,0.15,1333.22,43.00,UNBALANCE 
905664,9.01,8.98,0.66,0.25,0.19,0.15,1329.26,43.00,UNBALANCE 
906664,8.92,8.90,0.61,0.24,0.20,0.14,1344.48,43.00,UNBALANCE 
907664,8.86,8.85,0.45,0.25,0.20,0.15,1337.14,43.00,UNBALANCE 
908664,9.11,9.08,0.70,0.24,0.20,0.14,1331.99,43.06,UNBALANCE 
909664,8.82,8.81,0.42,0.26,0.20,0.16,1328.40,43.06,UNBALANCE 
910664,8.93,8.92,0.45,0.25,0.20,0.15,1343.88,43.06,UNBALANCE 
911664,9.02,9.01,0.30,0.25,0.20,0.15,1336.71,43.06,UNBALANCE 
912664,8.76,8.75,0.44,0.25,0.19,0.15,1331.70,43.06,UNBALANCE 
913664,9.03,9.01,0.50,0.26,0.21,0.15,1328.19,43.13,UNBALANCE 
914664,8.95,8.92,0.69,0.25,0.20,0.15,1343.73,43.13,UNBALANCE 
915664,8.83,8.79,0.76,0.25,0.20,0.15,1336.61,43.13,UNBALANCE 
916664,9.10,9.08,0.61,0.24,0.20,0.14,1331.63,43.06,UNBALANCE 
917664,8.92,8.90,0.53,0.25,0.20,0.15,1346.14,43.13,UNBALANCE 
918664,8.88,8.85,0.82,0.24,0.19,0.14,1338.30,43.06,UNBALANCE 
919664,9.07,9.07,0.22,0.24,0.19,0.16,1332.81,43.13,OVERCURRENT 
920664,8.86,8.86,0.22,0.25,0.20,0.16,1346.97,43.06,OVERCURRENT 
921664,8.84,8.84,0.18,0.26,0.21,0.15,1338.88,43.06,OVERCURRENT 
922664,9.07,9.07,0.17,0.25,0.20,0.14,1333.21,43.06,OVERCURRENT 
923664,8.81,8.81,0.21,0.26,0.21,0.15,1347.25,43.06,OVERCURRENT 
924664,8.81,8.81,0.16,0.25,0.22,0.13,1339.07,43.06,OVERCURRENT 
925664,9.08,9.08,0.18,0.26,0.22,0.14,1333.35,43.06,OVERCURRENT 
926664,8.84,8.84,0.13,0.26,0.22,0.14,1347.35,43.13,OVERCURRENT 
927664,8.80,8.80,0.15,0.27,0.22,0.15,1339.14,43.13,OVERCURRENT 
928664,9.13,9.12,0.23,0.27,0.22,0.15,1351.40,43.13,OVERCURRENT 
1010664,8.78,8.78,0.20,0.25,0.21,0.13,1333.26,43.63,NORMAL 
1011664,8.78,8.78,0.22,0.25,0.21,0.13,1329.28,43.63,OVERCURRENT 
1012664,9.06,9.06,0.22,0.26,0.22,0.14,1344.50,43.63,OVERCURRENT 
1013664,9.03,9.03,0.20,0.26,0.22,0.13,1337.15,43.69,OVERCURRENT 
1014664,8.70,8.69,0.24,0.26,0.22,0.15,1350.00,43.69,OVERCURRENT 
1015664,8.80,8.80,0.16,0.26,0.22,0.14,1341.00,43.69,OVERCURRENT 
1016664,9.03,9.02,0.15,0.26,0.22,0.14,1334.70,43.69,OVERCURRENT 
1017664,8.98,8.97,0.21,0.26,0.22,0.13,1348.29,43.75,OVERCURRENT 
1018664,8.79,8.78,0.22,0.26,0.22,0.13,1339.80,43.75,OVERCURRENT 
1019664,8.88,8.88,0.15,0.25,0.21,0.13,1333.86,43.75,OVERCURRENT 
1020664,9.05,9.05,0.18,0.24,0.20,0.13,1329.70,43.75,OVERCURRENT 
1021664,8.98,8.98,0.21,0.23,0.19,0.13,1344.79,43.75,NORMAL 
1022664,8.77,8.77,0.16,0.23,0.19,0.13,1337.35,43.75,NORMAL 
1023664,8.84,8.83,0.20,0.23,0.18,0.13,1332.15,43.75,NORMAL 
1024664,9.05,9.05,0.24,0.23,0.18,0.13,1346.50,43.75,NORMAL 
1025664,9.07,9.07,0.21,0.23,0.18,0.14,1338.55,43.75,NORMAL 
1026664,8.88,8.87,0.20,0.23,0.19,0.13,1332.99,44.75,NORMAL 
1027664,8.76,8.76,0.25,0.23,0.19,0.13,1347.09,44.75,NORMAL 
1028664,8.97,8.97,0.18,0.23,0.20,0.13,1338.96,45.75,NORMAL 
1029664,9.08,9.07,0.29,0.24,0.20,0.13,1351.27,45.75,NORMAL 
1030664,8.94,8.94,0.21,0.24,0.20,0.13,1341.89,46.81,NORMAL 
1031664,8.74,8.74,0.26,0.24,0.20,0.13,1335.32,46.81,NORMAL 
1032664,8.92,8.92,0.27,0.24,0.20,0.13,1348.73,47.81,NORMAL 
1033664,9.06,9.06,0.23,0.23,0.19,0.13,1340.11,47.81,NORMAL 
1034664,8.86,8.86,0.21,0.23,0.19,0.13,1334.08,48.88,NORMAL 
1035664,8.75,8.75,0.26,0.24,0.20,0.13,1347.85,48.88,NORMAL 
1036664,8.88,8.87,0.22,0.23,0.18,0.13,1339.50,48.88,NORMAL 
1037664,9.04,9.04,0.26,0.23,0.18,0.14,1333.65,49.94,NORMAL 
1038664,8.80,8.79,0.27,0.23,0.18,0.14,1329.55,50.94,NORMAL 
1039664,8.76,8.75,0.32,0.23,0.19,0.13,1344.69,51.94,NORMAL 
1040664,8.96,8.96,0.23,0.23,0.19,0.13,1337.28,51.94,NORMAL 
1041664,9.08,9.08,0.24,0.23,0.20,0.12,1350.10,52.00,NORMAL 
1042664,8.86,8.85,0.22,0.24,0.20,0.13,1341.07,52.00,NORMAL 
1021664,8.98,8.98,0.21,0.23,0.19,0.13,1344.79,53.75,NORMAL 
1022664,8.77,8.77,0.16,0.23,0.19,0.13,1337.35,54.75,NORMAL 
1023664,8.84,8.83,0.20,0.23,0.18,0.13,1332.15,54.75,NORMAL 
1024664,9.05,9.05,0.24,0.23,0.18,0.13,1346.50,54.75,NORMAL 
1025664,9.07,9.07,0.21,0.23,0.18,0.14,1338.55,55.75,NORMAL 
1026664,8.88,8.87,0.20,0.23,0.19,0.13,1332.99,55.75,NORMAL 
1027664,8.76,8.76,0.25,0.23,0.19,0.13,1347.09,55.75,NORMAL 
1028664,8.97,8.97,0.18,0.23,0.20,0.13,1338.96,56.75,NORMAL 
1029664,9.08,9.07,0.29,0.24,0.20,0.13,1351.27,56.75,NORMAL 
1030664,8.94,8.94,0.21,0.24,0.20,0.13,1341.89,56.81,NORMAL 
1031664,8.74,8.74,0.26,0.24,0.20,0.13,1335.32,57.81,NORMAL 
1032664,8.92,8.92,0.27,0.24,0.20,0.13,1348.73,57.81,NORMAL 
1033664,9.06,9.06,0.23,0.23,0.19,0.13,1340.11,58.81,NORMAL 
1034664,8.86,8.86,0.21,0.23,0.19,0.13,1334.08,58.88,NORMAL 
1035664,8.75,8.75,0.26,0.24,0.20,0.13,1347.85,58.88,NORMAL 
1036664,8.88,8.87,0.22,0.23,0.18,0.13,1339.50,59.68,NORMAL 
1037664,9.04,9.04,0.26,0.23,0.18,0.14,1333.65,59.74,NORMAL 
1038664,8.80,8.79,0.27,0.23,0.18,0.14,1329.55,59.74,NORMAL 
1039664,8.76,8.75,0.32,0.23,0.19,0.13,1344.69,59.74,NORMAL 
1040664,8.96,8.96,0.23,0.23,0.19,0.13,1337.28,59.74,NORMAL 
1041664,9.08,9.08,0.24,0.23,0.20,0.12,1350.10,60.02,OVERHEAT 
1042664,8.86,8.85,0.22,0.24,0.20,0.13,1341.07,60.00,OVERHEAT 
1021664,8.98,8.98,0.21,0.23,0.19,0.13,1344.79,60.75,OVERHEAT 
1022664,8.77,8.77,0.16,0.23,0.19,0.13,1337.35,60.75,OVERHEAT 
1023664,8.84,8.83,0.20,0.23,0.18,0.13,1332.15,60.75,OVERHEAT 
1024664,9.05,9.05,0.24,0.23,0.18,0.13,1346.50,60.75,OVERHEAT 
1025664,9.07,9.07,0.21,0.23,0.18,0.14,1338.55,61.75,OVERHEAT 
1026664,8.88,8.87,0.20,0.23,0.19,0.13,1332.99,61.75,OVERHEAT 
1027664,8.76,8.76,0.25,0.23,0.19,0.13,1347.09,61.75,OVERHEAT 
1028664,8.97,8.97,0.18,0.23,0.20,0.13,1338.96,61.75,OVERHEAT 
1029664,9.08,9.07,0.29,0.24,0.20,0.13,1351.27,61.75,OVERHEAT 
1030664,8.94,8.94,0.21,0.24,0.20,0.13,1341.89,61.81,OVERHEAT 
1031664,8.74,8.74,0.26,0.24,0.20,0.13,1335.32,61.81,OVERHEAT 
1032664,8.92,8.92,0.27,0.24,0.20,0.13,1348.73,61.81,OVERHEAT 
1033664,9.06,9.06,0.23,0.23,0.19,0.13,1340.11,61.81,OVERHEAT 
1034664,8.86,8.86,0.21,0.23,0.19,0.13,1334.08,62.88,OVERHEAT 
1035664,8.75,8.75,0.26,0.24,0.20,0.13,1347.85,62.88,OVERHEAT 
1036664,8.88,8.87,0.22,0.23,0.18,0.13,1339.50,62.88,OVERHEAT 
1037664,9.04,9.04,0.26,0.23,0.18,0.14,1333.65,62.94,OVERHEAT 
1038664,8.80,8.79,0.27,0.23,0.18,0.14,1329.55,62.94,OVERHEAT 
1039664,8.76,8.75,0.32,0.23,0.19,0.13,1344.69,62.94,OVERHEAT 
1040664,8.96,8.96,0.23,0.23,0.19,0.13,1337.28,62.94,OVERHEAT 
1041664,9.08,9.08,0.24,0.23,0.20,0.12,1350.10,62.00,OVERHEAT 
1042664,8.86,8.85,0.22,0.24,0.20,0.13,1341.07,62.00,OVERHEAT 
1021664,8.98,8.98,0.21,0.23,0.19,0.13,1344.79,62.75,OVERHEAT 
1022664,8.77,8.77,0.16,0.23,0.19,0.13,1337.35,62.75,OVERHEAT 
1023664,8.84,8.83,0.20,0.23,0.18,0.13,1332.15,62.75,OVERHEAT 
1024664,9.05,9.05,0.24,0.23,0.18,0.13,1346.50,62.75,OVERHEAT 
1025664,9.07,9.07,0.21,0.23,0.18,0.14,1338.55,63.75,OVERHEAT 
1026664,8.88,8.87,0.20,0.23,0.19,0.13,1332.99,63.75,OVERHEAT 
1027664,8.76,8.76,0.25,0.23,0.19,0.13,1347.09,63.75,OVERHEAT 
1028664,8.97,8.97,0.18,0.23,0.20,0.13,1338.96,63.75,OVERHEAT 
1029664,9.08,9.07,0.29,0.24,0.20,0.13,1351.27,63.75,OVERHEAT 
1030664,8.94,8.94,0.21,0.24,0.20,0.13,1341.89,63.81,OVERHEAT 
1031664,8.74,8.74,0.26,0.24,0.20,0.13,1335.32,63.81,OVERHEAT 
1032664,8.92,8.92,0.27,0.24,0.20,0.13,1348.73,63.81,OVERHEAT 
1033664,9.06,9.06,0.23,0.23,0.19,0.13,1340.11,63.81,OVERHEAT 
1034664,8.86,8.86,0.21,0.23,0.19,0.13,1334.08,63.88,OVERHEAT 
1035664,8.75,8.75,0.26,0.24,0.20,0.13,1347.85,63.88,OVERHEAT 
1036664,8.88,8.87,0.22,0.23,0.18,0.13,1339.50,64.88,OVERHEAT 
1037664,9.04,9.04,0.26,0.23,0.18,0.14,1333.65,64.94,OVERHEAT 
1038664,8.80,8.79,0.27,0.23,0.18,0.14,1329.55,64.94,OVERHEAT 
1039664,8.76,8.75,0.32,0.23,0.19,0.13,1344.69,64.94,OVERHEAT 
1040664,8.96,8.96,0.23,0.23,0.19,0.13,1337.28,65.94,OVERHEAT 
1041664,9.08,9.08,0.24,0.23,0.20,0.12,1350.10,65.00,OVERHEAT 
1042664,8.86,8.85,0.22,0.24,0.20,0.13,1341.07,66.00,OVERHEAT 

